tic_id,target_Tmag,n_neighbors,n_phantom,n_phantom_within_1px,closest_phantom_arcsec,brightest_near_phantom_dmag,n_dupcopy,n_dupcopy_within_1px,closest_dupcopy_arcsec,brightest_near_dupcopy_dmag,n_check,copy_of_target_present,target_issue,drop_ids,toi,error
235057120,11.1392,69.0,0.0,0.0,,,2.0,0.0,135.73543944936154,,1.0,False,OK,"734580124,235057146",7552.01,
14029793,12.4813,60.0,0.0,0.0,,,0.0,0.0,,,3.0,False,OK,,4981.01,
274215536,10.9263,184.0,0.0,0.0,,,1.0,0.0,136.72709434085107,,5.0,False,OK,274215567,1701.01,
311252710,13.5214,530.0,0.0,0.0,,,2.0,0.0,116.18762435754836,,6.0,False,OK,"870179318,870179510",2979.01,
329373799,11.789,1882.0,0.0,0.0,,,13.0,0.0,72.19815281066494,,36.0,False,OK,"329373690,329373896,2015485399,2015484837,2015502105,2015484861,329379616,2015485345,2015485509,2015502136,329373503,2015501433,2015485456",3605.01,
319608890,12.9974,150.0,0.0,0.0,,,0.0,0.0,,,3.0,False,OK,,7887.01,
412371819,12.9852,4120.0,0.0,0.0,,,19.0,1.0,6.030977242539852,3.9140999999999995,77.0,False,OK,"978738545,978735696,978738646,412371692,978738516,978738972,978739095,978736191,983000637,978733948,978737059,978736438,978736385,978739209,412371607,983000367,978736494,978733882,978738899",3166.01,
17538423,13.0266,70.0,0.0,0.0,,,0.0,0.0,,,1.0,False,OK,,5682.01,
315117300,13.3064,176.0,0.0,0.0,,,0.0,0.0,,,3.0,False,OK,,2895.01,
455153906,13.3319,142.0,0.0,0.0,,,2.0,0.0,175.49029089944028,,2.0,False,OK,"803984166,803984316",4772.01,
144467913,12.7363,1257.0,0.0,0.0,,,6.0,0.0,72.62248305530069,,19.0,False,OK,"825106446,825106380,825104697,825106803,825104740,825106656",3427.01,
149745822,12.5881,511.0,0.0,0.0,,,4.0,0.0,134.88099447000405,,8.0,False,OK,"774838875,774838623,774838614,774838302",3413.01,
209935997,11.4599,3119.0,0.0,0.0,,,23.0,0.0,38.033658752902916,,69.0,False,OK,"209936044,1841169566,1841161270,1841160801,1841161238,1841169416,1841169510,1841169449,1841161247,1841161223,1841169702,1841162341,1841169472,1841170101,209986869,1841160673,1841160569,1841160927,1841162492,209986506,1841144869,1841171096,209936122",5845.01,
388198242,11.9987,91.0,0.0,0.0,,,0.0,0.0,,,0.0,False,OK,,2224.01,
326662822,13.31,2056.0,0.0,0.0,,,7.0,0.0,102.85079246240782,,32.0,False,OK,"958653789,958653853,958653584,958654456,958652173,958650898,958654423",3204.01,
92217989,12.9153,1480.0,0.0,0.0,,,22.0,0.0,30.980289737648054,,38.0,False,OK,"1963330303,1963329919,92218160,1963329912,1963329911,1963329873,1963330263,1963330261,1963330252,1963330369,1963329893,1963330386,1963330423,1963330367,1963329857,1963329815,1963330052,1963330661,1963329735,1963330503,1963330183,1963330471",5929.01,
5592720,12.8742,546.0,0.0,0.0,,,1.0,0.0,76.63734482618365,,6.0,False,OK,753764548,4986.01,
268172361,12.9859,489.0,0.0,0.0,,,2.0,0.0,128.48813265520462,,5.0,False,OK,"701542821,701550190",3768.01,
405255920,10.6553,694.0,1.0,0.0,189.70645098213103,,3.0,1.0,20.037845975588738,5.1996,12.0,False,OK,"748594083,748594144,259456440,748593318",7604.01,
353960022,13.4593,492.0,0.0,0.0,,,1.0,0.0,137.8503582324879,,8.0,False,OK,665685635,6051.01,
17457400,13.3689,109.0,0.0,0.0,,,0.0,0.0,,,1.0,False,OK,,5371.01,
261646133,10.4225,105.0,0.0,0.0,,,0.0,0.0,,,1.0,False,OK,,6724.01,
133331642,13.3012,1083.0,0.0,0.0,,,4.0,0.0,71.08387894677503,,13.0,False,OK,"867563753,867563388,133331565,867563799",4273.01,
244487927,12.5001,1696.0,0.0,0.0,,,17.0,0.0,42.439008032788706,,34.0,False,OK,"1949248521,1949248592,1949248502,1949248593,1949247814,1949248579,1949264535,1949247791,244488052,1949264758,1949264759,1949264522,1949248446,1949265762,1949248448,1949248265,1949264596",3513.01,
402053027,13.2952,559.0,0.0,0.0,,,8.0,0.0,75.61392719638083,,38.0,False,OK,"814293381,814293419,814293413,814293376,814293367,814293875,814293401,814293321",3002.01,
457542392,11.2906,2350.0,0.0,0.0,,,11.0,0.0,21.44343407536963,,34.0,False,OK,"861092364,861089392,861092231,861089311,861093827,861089239,861092614,861092547,861092520,861094015,861094083",7749.01,
323132914,9.4091,198.0,2.0,2.0,5.150982694536343,5.428899999999999,0.0,0.0,,,1.0,False,OK,"323132917,323132913",1057.01,
22659404,12.7658,59.0,0.0,0.0,,,0.0,0.0,,,2.0,False,OK,,7443.01,
208151094,12.3562,3929.0,0.0,0.0,,,20.0,0.0,21.481166248195358,,77.0,False,OK,"1211801370,1211801761,1211804065,1211801865,1211804279,208151229,1211804648,1211801683,1211801509,208151280,1211801500,1211798613,1211804400,1211795880,1211800426,1211798916,1211802999,1211795883,1211806038,1211795910",5052.01,
177414713,9.8599,596.0,0.0,0.0,,,2.0,0.0,149.5329360157043,,12.0,False,OK,"751875088,751875089",2520.01,
233071822,10.4302,83.0,0.0,0.0,,,1.0,0.0,109.77922733207569,,2.0,False,OK,233071821,1747.01,
294365631,12.0317,2331.0,0.0,0.0,,,11.0,0.0,70.57074859731662,,28.0,False,OK,"907749531,294365755,907749825,294365509,907749934,907746519,294365789,294365965,907751298,294365879,907748131",3228.01,
234388232,9.3422,190.0,0.0,0.0,,,2.0,0.0,190.08109592823365,,0.0,False,OK,"247123762,247113902",5088.01,
282794970,13.2247,33.0,0.0,0.0,,,0.0,0.0,,,0.0,False,OK,,6889.01,
7562528,12.8743,583.0,1.0,0.0,195.46625440798692,,0.0,0.0,,,8.0,False,OK,7562653,6452.01,
270649648,13.1291,56.0,0.0,0.0,,,0.0,0.0,,,1.0,False,OK,,3431.01,
120540061,13.0509,482.0,0.0,0.0,,,2.0,0.0,132.53763642172575,,18.0,False,OK,"752763395,120540067",7638.01,
153937417,13.5868,29.0,0.0,0.0,,,0.0,0.0,,,2.0,False,OK,,4447.01,
244161191,13.1672,29.0,0.0,0.0,,,0.0,0.0,,,1.0,False,OK,,278.01,
311565540,13.4449,439.0,0.0,0.0,,,3.0,0.0,36.410789585108695,,9.0,False,OK,"1509130992,1509130006,1509131024",3316.01,
327301957,10.6339,130.0,0.0,0.0,,,0.0,0.0,,,2.0,False,OK,,1074.01,
404715325,11.0921,24.0,0.0,0.0,,,0.0,0.0,,,1.0,False,OK,,6961.01,
7583660,12.0228,119.0,0.0,0.0,,,0.0,0.0,,,1.0,False,OK,,5214.01,
23326828,10.3123,112.0,1.0,1.0,8.549931856456324,6.7087,1.0,0.0,75.30791381936754,,4.0,False,OK,"23326826,942480720",7752.01,
470749725,13.2989,837.0,0.0,0.0,,,6.0,1.0,0.0,0.0,14.0,True,CHECK,"2047803651,2047803709,2047803428,2047803476,2047803371,2047803382",7136.01,
141074654,9.8987,1295.0,0.0,0.0,,,3.0,0.0,99.20018327765914,,14.0,False,OK,"1166104332,1166104121,1166104081",6557.01,
314375831,12.402,972.0,1.0,0.0,107.7410392725585,,10.0,0.0,40.36700760778989,,18.0,False,OK,"2047351068,2047350942,2047351111,314375733,2047351019,2047351041,2047351359,314375913,2047351442,2047351407,2047350898",3955.01,
174302697,8.88374,290.0,0.0,0.0,,,3.0,0.0,43.957912003973966,,4.0,False,OK,"2042099523,2042099562,2042099560",1896.01,
64938667,13.1611,956.0,0.0,0.0,,,5.0,0.0,32.772977013677654,,14.0,False,OK,"64938696,2014675804,2014675653,2014675635,2014675930",3619.01,
1813844121,11.7729,755.0,0.0,0.0,,,2.0,1.0,1.3705540092978417,-0.010600000000000165,10.0,False,OK,"1813843900,1813846059",4152.01,
142628514,12.7868,854.0,0.0,0.0,,,1.0,0.0,193.58952591017962,,9.0,False,OK,782403913,4218.01,
162620529,13.1472,328.0,0.0,0.0,,,1.0,0.0,176.43597897896046,,3.0,False,OK,162620542,3100.01,
407905370,11.438,258.0,0.0,0.0,,,2.0,0.0,118.19970987703084,,3.0,False,OK,"2003859488,2003859876",3573.01,
275722992,10.379,1437.0,0.0,0.0,,,9.0,0.0,22.845402629700374,,19.0,False,OK,"1962558918,1962558935,1962558897,1962556943,1962559242,1962572237,1962559649,137785571,1962559368",1381.01,
127361441,12.6866,2373.0,3.0,0.0,68.60078232377445,,44.0,1.0,15.309120582653899,3.5223999999999993,150.0,False,OK,"127361396,1441474255,1441474264,127361308,1441474292,1441474540,127361423,1441474219,1441474470,1441466965,1441474583,1441474675,1441466962,1441466725,1441474511,1441466666,1441474662,1441466980,1441474524,1441474156,127361896,1441474104,1441466665,1441474299,1441474534,1441466705,1441474690,127361818,1441466609,1441466610,1441474629,1441466653,1441474728,1441474630,1441474184,1441466954,1441474738,1441474338,127361802,1441474725,1441474850,1441474851,1441471322,1441466558,1441466637,1441474785,1441466571",7797.01,
201254754,11.8272,45.0,0.0,0.0,,,0.0,0.0,,,3.0,False,OK,,6858.01,
288636342,10.741,84.0,0.0,0.0,,,1.0,1.0,7.345703108156551,6.1572,2.0,False,OK,1551780919,1692.01,
89544985,13.3922,22.0,0.0,0.0,,,0.0,0.0,,,1.0,False,OK,,2389.01,
159104028,13.0581,467.0,0.0,0.0,,,1.0,0.0,154.25656091914266,,6.0,False,OK,1716276821,5945.01,
327302178,12.0974,144.0,0.0,0.0,,,1.0,1.0,19.84049660515071,5.889599999999998,1.0,False,OK,327302176,7508.01,
142562395,13.2278,36.0,0.0,0.0,,,0.0,0.0,,,1.0,False,OK,,3854.01,
235072851,13.709,75.0,0.0,0.0,,,2.0,0.0,110.23779252485377,,1.0,False,OK,"734842201,235072866",7385.01,
224635135,13.3192,480.0,0.0,0.0,,,2.0,0.0,66.51850931931584,,6.0,False,OK,"1950950122,1950950255",5900.01,
54391400,11.5546,532.0,0.0,0.0,,,1.0,0.0,168.17665386040593,,8.0,False,OK,784123393,7618.01,
456910600,12.5316,53.0,0.0,0.0,,,0.0,0.0,,,3.0,False,OK,,6221.01,
206474443,11.5458,41.0,0.0,0.0,,,1.0,0.0,144.3954797210747,,2.0,False,OK,650931541,931.01,
32090583,13.3292,63.0,0.0,0.0,,,1.0,0.0,110.01103003907319,,1.0,False,OK,650353562,218.01,
286763141,9.72334,356.0,0.0,0.0,,,1.0,0.0,148.37839569387566,,2.0,False,OK,286763111,6284.01,
238898571,9.9547,123.0,0.0,0.0,,,1.0,0.0,185.24782259392228,,0.0,False,OK,238898548,863.01,
343952976,11.227,231.0,0.0,0.0,,,3.0,0.0,118.4714795109238,,2.0,False,OK,"343952980,343952989,343952941",4283.01,
312289279,11.5561,1222.0,0.0,0.0,,,10.0,0.0,46.013261102674214,,19.0,False,OK,"1975601177,1975601293,1975521318,1975601318,1975521361,1975601273,1975521541,1975601401,1975600515,1975521542",6151.01,
282102605,13.5917,642.0,0.0,0.0,,,0.0,0.0,,,14.0,False,OK,,2742.01,
422554579,13.2363,481.0,0.0,0.0,,,1.0,0.0,126.35151157041508,,3.0,False,OK,2050150839,3929.01,
171160885,12.5021,253.0,0.0,0.0,,,0.0,0.0,,,4.0,False,OK,,3713.01,
291109653,12.2937,40.0,0.0,0.0,,,0.0,0.0,,,3.0,False,OK,,5486.01,
233066156,10.8841,77.0,0.0,0.0,,,0.0,0.0,,,0.0,False,OK,,2252.01,
219769290,13.346,72.0,0.0,0.0,,,1.0,0.0,151.03487350486657,,0.0,False,OK,951832976,4912.01,
422385684,12.1504,324.0,0.0,0.0,,,1.0,0.0,198.70577582264684,,3.0,False,OK,1980544772,2561.01,
260962960,12.3653,349.0,0.0,0.0,,,6.0,0.0,117.45978931213511,,7.0,False,OK,"664300055,260864065,664300063,260962838,260864139,664299875",3703.01,
258279359,13.4315,242.0,0.0,0.0,,,2.0,0.0,195.9243872460297,,7.0,False,OK,"1937349199,1937349564",7264.01,
139445621,12.4762,75.0,0.0,0.0,,,1.0,0.0,190.69147150476766,,0.0,False,OK,139445630,2696.01,
147890655,13.2705,45.0,0.0,0.0,,,0.0,0.0,,,2.0,False,OK,,3849.01,
3728481,10.1676,1634.0,0.0,0.0,,,11.0,0.0,84.29714414316261,,26.0,False,OK,"1249791317,1249792318,1249792290,1249793489,3728608,1249793350,1249792373,1249791295,1249791679,1249793379,1249793595",6561.01,
2685481,10.2212,318.0,0.0,0.0,,,1.0,0.0,45.21899390530636,,3.0,False,OK,722754013,5113.01,
103832313,14.6574,167.0,0.0,0.0,,,0.0,0.0,,,2.0,False,OK,,3111.01,
155993822,12.4052,38.0,0.0,0.0,,,0.0,0.0,,,1.0,False,OK,,2687.01,
233680651,10.0788,69.0,0.0,0.0,,,2.0,0.0,122.85829195432689,,1.0,False,OK,"1400927115,1400927143",2166.01,
334482103,12.4683,103.0,0.0,0.0,,,0.0,0.0,,,2.0,False,OK,,2564.01,
170434745,11.9433,171.0,0.0,0.0,,,1.0,0.0,108.75530657011474,,1.0,False,OK,170434763,6100.01,
12423815,14.6253,28.0,0.0,0.0,,,0.0,0.0,,,0.0,False,OK,,234.01,
377771417,11.3329,3003.0,0.0,0.0,,,20.0,0.0,24.652688157089838,,60.0,False,OK,"849282675,849282672,849286284,849286333,849286382,849282315,849282468,849282251,849313894,849282210,849282416,849318405,849286685,378026106,849286631,849314692,849313754,849313514,849282183,849318771",6583.01,
463868678,11.983,930.0,1.0,0.0,169.40592488136758,,16.0,0.0,33.16030992724579,,109.0,False,OK,"861580214,861580223,861580277,861580224,861580266,861580267,861579534,861580294,855070908,861579640,861580259,463954474,855070923,855070876,861580314,855071049,855070918",6591.01,
53875855,10.3996,87.0,0.0,0.0,,,0.0,0.0,,,2.0,False,OK,,1491.01,
165554103,10.4431,111.0,0.0,0.0,,,2.0,0.0,100.6541243345037,,6.0,False,OK,"165554121,165554128",2296.01,
395186430,13.1516,705.0,0.0,0.0,,,2.0,0.0,115.743658554279,,5.0,False,OK,"395223195,1003991487",7840.01,
334380435,11.1994,122.0,0.0,0.0,,,0.0,0.0,,,1.0,False,OK,,7680.01,
441572821,11.9399,91.0,0.0,0.0,,,1.0,0.0,197.9875651168301,,3.0,False,OK,743544797,4161.01,
219108677,14.034,80.0,0.0,0.0,,,1.0,0.0,179.20926946439758,,3.0,False,OK,1551676370,6958.01,
166671025,12.4031,50.0,0.0,0.0,,,0.0,0.0,,,0.0,False,OK,,6852.01,
302527524,12.6359,379.0,0.0,0.0,,,2.0,0.0,88.54498308548062,,1.0,False,OK,"805498085,805498060",2952.01,
74389253,13.4258,417.0,0.0,0.0,,,2.0,0.0,100.3819364537455,,8.0,False,OK,"722215753,722223898",6941.01,
341872729,11.0063,91.0,1.0,1.0,13.343292842825065,6.207699999999999,0.0,0.0,,,1.0,False,OK,376846607,7693.01,
231721005,10.0039,71.0,1.0,0.0,101.38871629561046,,1.0,0.0,200.2050866079924,,2.0,False,OK,"231720997,231720995",2448.02,
266486214,11.3461,169.0,0.0,0.0,,,1.0,0.0,182.8830663835317,,1.0,False,OK,755488742,6433.01,
47248224,12.3039,133.0,0.0,0.0,,,0.0,0.0,,,5.0,False,OK,,7596.01,
329672278,10.7133,3259.0,8.0,0.0,36.76220376572421,,41.0,0.0,45.87474495636607,,122.0,False,OK,"329672394,1020323585,1020323777,1020323631,329672449,329672090,1020323217,1020322786,1020322643,1020322385,1020322596,1020322594,1020324008,1020323482,1020322175,329671861,329671880,1020323128,1020322531,1020323982,1020322785,1020322921,1020324654,329979989,1020322182,1020323576,329979837,1020324045,1020322548,1020324115,1020324597,329672016,1020322270,1020323474,1020323477,1020323540,1020323185,1020322271,1020323083,329671699,1020323446,1020324345,1020324323,1020336838,1020322185,329671652,1020323306,1020324312,1020336872",4960.01,
413372087,13.2277,77.0,0.0,0.0,,,1.0,0.0,159.04602269190354,,2.0,False,OK,902020338,2976.01,
47055436,11.9749,82.0,0.0,0.0,,,2.0,0.0,125.67807461670702,,7.0,False,OK,"47055439,47055433",7739.01,
148497855,12.0682,47.0,0.0,0.0,,,1.0,0.0,192.0009821926751,,2.0,False,OK,148497841,2986.01,
265242905,12.3142,1001.0,0.0,0.0,,,6.0,0.0,59.872748328335284,,12.0,False,OK,"1976986121,1976986140,1976985576,1976985528,1976985510,1976986237",3588.01,
110738386,11.4731,2366.0,0.0,0.0,,,19.0,0.0,22.240244797985433,,44.0,False,OK,"1861231962,110738402,1861233624,1861231602,1861232018,1861231829,1861231605,1861230804,1861233427,1861230806,1861233750,1861244781,1861233353,1861231482,1861233856,1861231368,1861233837,1861245081,1861244262",5208.01,
346859243,13.0949,988.0,0.0,0.0,,,4.0,0.0,70.9317857681333,,22.0,False,OK,"346859229,1813606916,1813606374,1813605108",5835.01,
326327260,12.3197,144.0,0.0,0.0,,,1.0,0.0,202.2433387607418,,2.0,False,OK,1992565904,6792.01,
290407621,12.5483,258.0,0.0,0.0,,,0.0,0.0,,,1.0,False,OK,,4287.01,
94012094,11.4291,702.0,0.0,0.0,,,2.0,0.0,117.03286458253034,,10.0,False,OK,"94012033,938878318",6581.01,
388202128,13.4394,118.0,0.0,0.0,,,2.0,0.0,65.0938803413495,,2.0,False,OK,"675024472,675024522",2621.01,
349789882,11.3908,221.0,0.0,0.0,,,1.0,0.0,64.48568073530605,,2.0,False,OK,765580565,6701.01,
165682741,11.5823,790.0,0.0,0.0,,,4.0,0.0,101.36722169257823,,11.0,False,OK,"1961620371,1961620334,1961620402,165682702",6121.01,
453100296,13.4404,216.0,0.0,0.0,,,1.0,0.0,192.28937878534032,,3.0,False,OK,453100298,2650.01,
45655786,10.9095,357.0,0.0,0.0,,,1.0,0.0,59.928327196504746,,6.0,False,OK,872793516,2809.01,
231063955,13.3921,50.0,0.0,0.0,,,1.0,0.0,110.65495490755406,,2.0,False,OK,231063965,2378.01,
399868187,10.5347,135.0,0.0,0.0,,,1.0,0.0,131.4238066877186,,3.0,False,OK,399868174,2473.01,
402027382,13.2874,48.0,0.0,0.0,,,0.0,0.0,,,1.0,False,OK,,6817.01,
125695940,11.679,211.0,0.0,0.0,,,1.0,0.0,126.76728474175172,,3.0,False,OK,1937281857,7266.01,
336255880,11.9323,326.0,1.0,0.0,86.98865058624571,,2.0,0.0,178.2376051128631,,5.0,False,OK,"336255876,1715548828,1715548506",6091.01,
470156846,12.7397,115.0,0.0,0.0,,,2.0,0.0,134.206336448793,,2.0,False,OK,"2023946151,2023949821",4154.01,
362264027,11.5437,1223.0,1.0,0.0,165.62817107601373,,9.0,0.0,70.08524550158779,,23.0,False,OK,"858906107,858907268,858906008,858906210,362264224,858907343,858906150,858906583,858906716,858907055",7751.01,
175482273,9.1692,42.0,0.0,0.0,,,0.0,0.0,,,1.0,False,OK,,369.01,
392022763,12.9455,290.0,0.0,0.0,,,3.0,0.0,165.7607004623889,,4.0,False,OK,"763450554,763450545,392022739",6945.01,
369907772,12.0782,592.0,1.0,0.0,193.5085053972926,,2.0,0.0,172.04096752604954,,9.0,False,OK,"623646807,369907670,623649621",6297.01,
350733403,12.6338,100.0,0.0,0.0,,,1.0,0.0,159.63828383475078,,1.0,False,OK,1718301807,6998.01,
328100489,11.9524,63.0,0.0,0.0,,,2.0,0.0,131.3056955483884,,4.0,False,OK,"610589268,610589267",7880.01,
239529652,12.7031,1368.0,0.0,0.0,,,13.0,1.0,12.359039254294942,4.374000000000002,29.0,False,OK,"1949285924,1949262326,1949285967,1949285746,1949262582,1949285977,1949286047,1949285885,1949262370,1949262239,1949285915,1949262267,1949262327",5917.01,
407166076,12.8852,403.0,0.0,0.0,,,0.0,0.0,,,0.0,False,OK,,3471.01,
358579111,12.3462,51.0,0.0,0.0,,,0.0,0.0,,,1.0,False,OK,,2333.01,
63844530,13.2903,701.0,0.0,0.0,,,12.0,1.0,17.95816862531173,4.674000000000001,15.0,False,OK,"2018070523,2018070487,2018070504,2017222039,2018070556,2017222115,2018070591,2017222123,2018070762,2018070702,2018070298,2018070646",6189.01,
364955057,10.4398,36.0,0.0,0.0,,,1.0,0.0,185.90373811457374,,1.0,False,OK,903206014,6879.01,
26880783,9.2118,296.0,0.0,0.0,,,0.0,0.0,,,5.0,False,OK,,1364.01,
272218608,13.3085,916.0,0.0,0.0,,,7.0,0.0,68.31693694186603,,19.0,False,OK,"2048742075,2048742109,272218524,2048726429,2048728108,2048726008,2048728194",6314.01,
309849817,13.0795,48.0,0.0,0.0,,,0.0,0.0,,,0.0,False,OK,,3956.01,
13419950,9.65306,312.0,0.0,0.0,,,1.0,1.0,0.0,0.0,177.0,True,CHECK,1969293164,1162.01,
159084486,11.7771,176.0,0.0,0.0,,,0.0,0.0,,,2.0,False,OK,,7574.01,
263723781,13.3053,126.0,0.0,0.0,,,0.0,0.0,,,1.0,False,OK,,7142.01,
277329402,12.8137,5495.0,0.0,0.0,,,37.0,0.0,37.47426757066286,,120.0,False,OK,"1914796407,277329510,1914795418,1914795555,1914795099,1914798585,1914797465,1914797549,1914797644,1914798597,1914794664,1914798727,1914797731,1914796827,1914798810,1914795915,1914798940,1914795088,1914795003,1914795765,1914795083,1914795000,1914798233,1914795249,1914797131,1914799301,1914786956,1914791387,277329188,277225756,1914791246,1914799397,277225803,1914798317,1914790750,277225615,1914796397",5851.01,
138609069,13.4554,1103.0,0.0,0.0,,,10.0,1.0,10.65573281358217,5.227400000000001,23.0,False,OK,"1962654919,1962654963,1962654661,1962680499,1962654838,1962654539,1962680441,1962680568,1962680618,1962680567",7074.01,
112316665,11.5955,783.0,0.0,0.0,,,3.0,0.0,45.91920358587041,,12.0,False,OK,"773905290,773905358,773905389",2577.01,
265523693,10.9565,9231.0,1.0,0.0,192.7242952774211,,38.0,0.0,29.424628131463248,,101.0,False,OK,"1560482976,1560483280,1560483548,1560482824,1560484410,265523589,1560260072,1560482840,1560259416,1560482133,1560483301,1560480766,1560490076,1560490367,1560482477,1560259414,1560260112,1560481015,1560259321,1560480991,265523319,1560480825,1560259606,265523307,1560259917,1560487657,1560485879,1560259073,265524012,266539334,1560481797,1560258590,1560258218,1560259097,1560485924,265524080,1560491271,265524163,265523169",7837.01,
265979849,11.4194,416.0,0.0,0.0,,,3.0,0.0,169.17474985039837,,5.0,False,OK,"1950918864,1950918964,1950918455",5210.01,
256783400,10.9461,320.0,0.0,0.0,,,0.0,0.0,,,5.0,True,OK,,7368.01,
14091704,9.1577,68.0,0.0,0.0,,,2.0,0.0,164.09514211843384,,1.0,False,OK,"14124802,685784691",445.01,
37126544,11.1767,103.0,0.0,0.0,,,1.0,0.0,133.58881020897246,,2.0,False,OK,1179643900,7789.01,
156949982,13.4861,251.0,0.0,0.0,,,0.0,0.0,,,2.0,False,OK,,2867.01,
101592219,13.4409,38.0,0.0,0.0,,,0.0,0.0,,,1.0,False,OK,,5602.01,
143072696,11.9337,259.0,0.0,0.0,,,0.0,0.0,,,2.0,False,OK,,4763.01,
168751223,13.3666,44.0,0.0,0.0,,,0.0,0.0,,,0.0,False,OK,,2331.01,
281489322,12.9152,239.0,0.0,0.0,,,1.0,0.0,186.23691355807588,,1.0,False,OK,281489366,2821.01,
144628120,11.4675,1329.0,0.0,0.0,,,5.0,0.0,55.33742466417294,,21.0,False,OK,"825202190,825202033,825202574,825202170,825202355",2836.01,
358460246,10.4283,219.0,0.0,0.0,,,1.0,0.0,196.84934933480324,,1.0,False,OK,765159332,867.01,
167654347,12.392,150.0,0.0,0.0,,,0.0,0.0,,,1.0,False,OK,,6640.01,
66242670,13.0537,945.0,0.0,0.0,,,1.0,0.0,190.76108776886136,,10.0,False,OK,781222161,6453.01,
270219048,12.2294,74.0,0.0,0.0,,,0.0,0.0,,,0.0,False,OK,,2307.01,
306604742,12.4037,501.0,0.0,0.0,,,0.0,0.0,,,4.0,False,OK,,4753.01,
264193444,11.7258,140.0,0.0,0.0,,,0.0,0.0,,,1.0,False,OK,,7430.01,
270341214,8.8784,105.0,0.0,0.0,,,1.0,0.0,175.63116908472674,,4.0,False,OK,630758607,173.01,
336126253,11.8002,328.0,0.0,0.0,,,1.0,0.0,156.89369915237506,,3.0,False,OK,336126273,5193.01,
328933398,10.7447,59.0,0.0,0.0,,,0.0,0.0,,,3.0,False,OK,,1873.01,
267373896,11.5199,1188.0,0.0,0.0,,,7.0,0.0,65.11611472793616,,20.0,False,OK,"1975045043,1975044844,1975044588,1975050276,1975044575,1975044784,1975050257",3587.01,
298264260,13.2155,53.0,0.0,0.0,,,1.0,0.0,125.3158235417683,,1.0,False,OK,298264248,4045.01,
436166416,10.3544,1435.0,0.0,0.0,,,9.0,0.0,67.35117969417593,,29.0,False,OK,"1954810241,1954810405,1954810502,436166361,1954783070,1954810402,1954810423,1954782982,1954783002",4497.01,
316652224,13.1043,3284.0,4.0,0.0,78.95826022067682,,37.0,0.0,32.33913990194044,,82.0,False,OK,"918012391,918012324,918012332,918011451,918013394,918013348,316494751,918012241,316384742,918011484,918013249,918013257,918012614,918012199,918011327,316494483,918011329,918012564,316384518,918013580,918013588,918013502,918011626,918011286,316384481,316652281,918011896,918012656,918014634,918014931,918011627,316652237,918011661,918010968,918011686,918013553,918013551,918011659,918012754,918014116,918011845",3047.01,
428867906,9.86105,416.0,0.0,0.0,,,0.0,0.0,,,7.0,False,OK,,6060.01,
300381700,12.4307,163.0,0.0,0.0,,,0.0,0.0,,,1.0,False,OK,,7387.01,
286864983,10.8815,110.0,0.0,0.0,,,0.0,0.0,,,1.0,False,OK,,772.01,
402391147,13.4138,1503.0,0.0,0.0,,,1.0,0.0,148.57804465834926,,8.0,False,OK,1208148417,3477.01,
280292434,13.1961,625.0,0.0,0.0,,,4.0,1.0,0.0,0.0,11.0,True,CHECK,"755886210,755886180,755886156,755886084",4735.01,
82739585,13.0819,1009.0,0.0,0.0,,,5.0,0.0,76.31588015702839,,17.0,False,OK,"820526112,820526063,820525925,820525951,820531881",4819.01,
149990841,11.6349,706.0,0.0,0.0,,,2.0,1.0,0.0,0.0,9.0,True,OK,"737110430,149990853",167.01,
313835568,13.4476,70.0,0.0,0.0,,,0.0,0.0,,,2.0,False,OK,,5298.01,
148679712,10.1345,38.0,0.0,0.0,,,0.0,0.0,,,3.0,False,OK,,1804.01,
386131764,11.6886,808.0,0.0,0.0,,,6.0,1.0,19.698658222082717,5.769600000000002,16.0,False,OK,"749689651,749689675,749689537,386131762,749690649,749690675",2633.01,
96925186,10.2282,304.0,0.0,0.0,,,1.0,0.0,186.67715480725929,,3.0,False,OK,771916832,2518.01,
322498101,13.2225,1103.0,0.0,0.0,,,1.0,0.0,197.59840334702992,,12.0,False,OK,1976880724,6119.01,
81178747,12.9139,496.0,0.0,0.0,,,5.0,0.0,136.20202882766753,,12.0,False,OK,"81178863,81178738,81178861,81178821,721082084",5367.01,
390021939,13.2338,151.0,0.0,0.0,,,2.0,0.0,99.73760810124422,,2.0,False,OK,"1551362772,390021976",4030.01,
186292194,12.1665,106.0,0.0,0.0,,,0.0,0.0,,,2.0,False,OK,,3632.01,
415875608,13.228,158.0,0.0,0.0,,,2.0,0.0,87.83500029152917,,4.0,False,OK,"415875632,415900845",6331.01,
70420766,10.2356,54.0,0.0,0.0,,,0.0,0.0,,,1.0,False,OK,,2304.01,
250189842,13.5473,36.0,0.0,0.0,,,1.0,1.0,16.72433584643256,3.7600000000000016,2.0,False,OK,671951411,4697.01,
131743355,9.3761,1036.0,0.0,0.0,,,2.0,0.0,171.3085151091444,,10.0,False,OK,"769906081,769904895",583.01,
52745699,13.7471,424.0,0.0,0.0,,,2.0,0.0,90.89182370803039,,5.0,False,OK,"711626617,711626573",7381.01,
401509690,12.5787,1073.0,0.0,0.0,,,4.0,0.0,122.78745430067191,,16.0,False,OK,"1004962202,1004964069,1004964118,1004962394",5035.01,
448820344,11.3943,3033.0,0.0,0.0,,,7.0,0.0,82.34472135334187,,58.0,False,OK,"1009641313,1009642403,1009641407,1009624706,1009643290,1009640915,1009626687",4928.01,
59490344,8.3323,151.0,0.0,0.0,,,1.0,0.0,155.2171830529891,,4.0,False,OK,59490352,6985.01,
20299658,12.7022,99.0,0.0,0.0,,,0.0,0.0,,,1.0,False,OK,,2536.01,
125563127,11.8052,977.0,0.0,0.0,,,6.0,0.0,86.78429828653167,,15.0,False,OK,"780024320,110904471,780024296,780023197,780023170,780023169",6443.01,
317132251,,,,,,,,,,,,,,,7717.01,Response ended prematurely
49046332,12.7171,167.0,0.0,0.0,,,1.0,0.0,132.70469936353325,,1.0,False,OK,942377471,2991.01,
92359852,10.732,40.0,0.0,0.0,,,1.0,0.0,182.57621823548638,,6.0,True,OK,92358469,2690.01,
209408136,12.1692,33.0,0.0,0.0,,,0.0,0.0,,,0.0,False,OK,,2681.01,
5966772,10.4795,75.0,0.0,0.0,,,0.0,0.0,,,3.0,False,OK,,6698.01,
33977715,11.7783,715.0,0.0,0.0,,,2.0,0.0,120.55890795626247,,7.0,False,OK,"869605622,869602180",7763.01,
434373518,13.2499,497.0,0.0,0.0,,,3.0,0.0,36.79511413929256,,8.0,False,OK,"716659010,716658998,716659048",7632.01,
167303382,,,,,,,,,,,,,,,802.01,"('Connection aborted.', ConnectionResetError(54, 'Connection reset by peer'))"
267215820,12.4559,30.0,0.0,0.0,,,0.0,0.0,,,1.0,False,OK,,5300.01,
251111783,13.2837,382.0,0.0,0.0,,,0.0,0.0,,,7.0,False,OK,,4714.01,
119130170,13.4597,418.0,0.0,0.0,,,0.0,0.0,,,5.0,False,OK,,5449.01,
232635922,12.7963,146.0,0.0,0.0,,,0.0,0.0,,,3.0,False,OK,,1745.01,
396649769,13.4924,744.0,0.0,0.0,,,1.0,0.0,54.65802617148642,,7.0,False,OK,1004059471,5039.01,
371676181,12.5722,742.0,0.0,0.0,,,7.0,0.0,51.48401837608464,,10.0,False,OK,"2048224318,2048223802,2048224326,2048223340,2048223306,2048223347,2048222666",3936.01,
124895104,12.4401,1552.0,0.0,0.0,,,8.0,0.0,99.69767333144082,,17.0,False,OK,"1749665323,1749665041,1749656653,1749657006,1749665450,1749656753,1749665476,1749665473",7186.01,
57753734,12.7595,3618.0,0.0,0.0,,,30.0,0.0,38.310070612276824,,76.0,False,OK,"1866801106,1866801018,1866801641,1866800468,1866800984,1866799845,1866801509,1866799822,1866801464,57753939,1866801785,1866801252,1866801457,1866800830,1866801249,1866800927,1866802209,1866799529,1866802145,1866799701,1866802275,57753650,1866800029,1866800028,1866802167,1866800926,1866799451,57753532,1866806587,1866800662",3510.01,
428317266,12.0152,1022.0,0.0,0.0,,,4.0,0.0,61.12994067993406,,13.0,False,OK,"2047421455,2047422668,2047429781,2047429804",6216.01,
26051436,13.3298,58.0,0.0,0.0,,,0.0,0.0,,,1.0,False,OK,,3401.01,
374741750,13.1263,2978.0,0.0,0.0,,,14.0,0.0,69.79491511300007,,60.0,False,OK,"853396967,853610051,853610049,853396559,853610345,853610268,853394724,853394723,853610721,853397611,853397513,853396359,853394792,853397548",6496.01,
161479081,13.322,47.0,0.0,0.0,,,0.0,0.0,,,2.0,False,OK,,2685.01,
160442729,14.2251,463.0,0.0,0.0,,,1.0,0.0,138.15095293874455,,3.0,False,OK,1173785536,6629.01,
138329479,12.7833,110.0,0.0,0.0,,,0.0,0.0,,,0.0,False,OK,,4147.01,
126797048,8.8855,405.0,1.0,0.0,51.955035772969765,,2.0,0.0,142.63113237820988,,47.0,False,OK,"126797005,814291754,814291759",6670.01,
221656234,12.491,2656.0,0.0,0.0,,,14.0,0.0,52.59796873970586,,72.0,False,OK,"1244757974,1244756863,1244758096,1244757303,1244756664,1244760011,1244762359,1244762528,1244756426,1244760053,1244758661,1244760091,1244755604,1244757270",5015.01,
94346376,13.2725,969.0,0.0,0.0,,,1.0,0.0,152.35768178676489,,8.0,False,OK,938432740,3113.01,
282701278,12.6487,1880.0,11.0,1.0,14.370910148369676,6.049300000000001,51.0,0.0,35.21921897085926,,486.0,False,OK,"282701321,1138166659,1138166656,1138166732,1138166603,1138166634,1138166451,282700974,282701487,1138166696,282700979,282701080,1138166610,1138166698,1138166525,1138166715,1138166570,1138166623,1138166509,1138166762,1138166746,1138166654,1138166761,1138165797,1138166435,1138166578,1138167125,1138167147,1138207783,1138165799,1138167156,1138166439,1138167120,1138207786,1138167229,1138166511,282700909,1138166462,1138207782,1138167145,1138166872,1138207784,1138166803,282700705,1138166938,1138165785,1138166871,1138166492,282701801,414437073,282700630,282700797,1138207801,1138207896,1138206494,1138166460,1138166506,1138167214,1138166912,282701142,414436907,1138166825",5050.01,
422514153,12.6265,311.0,0.0,0.0,,,3.0,0.0,104.56972485187003,,3.0,False,OK,"422456742,422456736,1980539106",3930.01,
269231011,12.8934,1089.0,0.0,0.0,,,8.0,0.0,78.91075891405121,,24.0,False,CHECK,"2048305566,2048305436,269231179,269231175,2048305763,2048305839,2048305929,2048305881",7128.01,
341405597,10.4012,119.0,0.0,0.0,,,0.0,0.0,,,1.0,False,OK,,6699.01,
206785987,11.619,572.0,0.0,0.0,,,3.0,0.0,154.40200849977023,,6.0,False,OK,"714511041,714511375,206786065",2500.01,
237211410,9.29735,119.0,0.0,0.0,,,1.0,0.0,113.34226812153425,,5.0,False,OK,237211413,2282.01,
44791617,12.5257,41.0,0.0,0.0,,,0.0,0.0,,,0.0,False,OK,,2701.01,
467211520,12.5037,332.0,0.0,0.0,,,0.0,0.0,,,1.0,False,OK,,5898.01,
181208298,12.3987,1026.0,0.0,0.0,,,5.0,0.0,100.10517789324298,,10.0,False,OK,"820954825,820950104,820949833,820949979,820949989",6479.01,
385654601,12.9289,797.0,0.0,0.0,,,1.0,0.0,137.1081191530111,,17.0,False,OK,749920621,4211.01,
231451287,12.4428,984.0,0.0,0.0,,,7.0,0.0,158.82929350053604,,10.0,False,OK,"780497024,780496945,231451473,780497978,231451168,780496841,780498491",7611.01,
100909102,12.0052,103.0,0.0,0.0,,,0.0,0.0,,,0.0,False,OK,,6135.01,
56999883,12.9882,29.0,0.0,0.0,,,0.0,0.0,,,0.0,False,OK,,5618.01,
251090642,13.0912,39.0,0.0,0.0,,,0.0,0.0,,,0.0,False,OK,,7464.01,
470822809,12.6639,766.0,1.0,0.0,183.68240275869417,,3.0,0.0,139.33428694409477,,17.0,False,OK,"626355451,626355304,470822902,626351817",3694.01,
294295243,11.8014,487.0,0.0,0.0,,,1.0,0.0,185.07979007123578,,8.0,False,OK,1509356068,4995.01,
45881495,14.6334,305.0,0.0,0.0,,,0.0,0.0,,,2.0,False,OK,,6499.01,
319932686,12.3661,671.0,0.0,0.0,,,1.0,0.0,200.45942537110264,,7.0,False,OK,777117048,2883.01,
38399060,13.3717,34.0,0.0,0.0,,,2.0,0.0,116.29362832154588,,3.0,False,OK,"38399055,651899726",2692.01,
437560683,13.7563,2630.0,0.0,0.0,,,14.0,1.0,11.367068965797062,4.431699999999999,43.0,False,OK,"859133896,859133884,859134309,859133793,859134593,859134808,859134098,437564766,859134029,859134556,859133475,859134391,859121979,859122412",3012.01,
160487753,10.8049,50.0,0.0,0.0,,,0.0,0.0,,,0.0,False,OK,,1345.01,
237343052,12.9723,588.0,0.0,0.0,,,1.0,1.0,0.0,0.0,5.0,True,CHECK,1887713367,7798.01,
115899725,11.3035,387.0,0.0,0.0,,,4.0,0.0,132.57485014886015,,14.0,False,OK,"723084268,723084269,723084433,723084498",6372.01,
177254988,12.3813,166.0,0.0,0.0,,,4.0,0.0,104.86938275657471,,6.0,False,OK,"764681395,764681398,764681315,764680739",4405.01,
339961200,9.7333,205.0,0.0,0.0,,,0.0,0.0,,,3.0,False,OK,,724.01,
160103855,12.1708,480.0,0.0,0.0,,,5.0,0.0,86.40600015601748,,10.0,False,OK,"160103896,2002338238,160103875,2002338360,2002338382",7259.01,
387401076,12.7277,32.0,0.0,0.0,,,1.0,1.0,0.0,0.0,0.0,True,CHECK,640054020,5306.01,
300868410,13.2252,208.0,1.0,0.0,193.30163243887273,,0.0,0.0,,,1.0,False,OK,300868365,7649.01,
356867115,10.5216,102.0,0.0,0.0,,,1.0,0.0,122.31782854391685,,3.0,False,OK,356867091,1301.02,
408609355,12.227,306.0,0.0,0.0,,,0.0,0.0,,,5.0,False,OK,,6794.01,
318491006,11.3999,277.0,0.0,0.0,,,1.0,0.0,168.55238750844137,,2.0,False,OK,760029841,7530.01,
152563846,10.7194,199.0,0.0,0.0,,,0.0,0.0,,,2.0,False,OK,,4185.01,
201660996,12.4005,274.0,0.0,0.0,,,2.0,0.0,107.46805000839541,,5.0,False,OK,"201660961,1817194759",3283.01,
154618248,8.5509,39.0,0.0,0.0,,,2.0,1.0,0.0,0.0,0.0,True,CHECK,"2055941842,154617493",245.01,
11894726,14.3528,34.0,0.0,0.0,,,2.0,0.0,138.66407107588896,,1.0,False,OK,"11894733,11894566",7015.01,
463343283,13.5173,1174.0,0.0,0.0,,,7.0,0.0,90.52862371150121,,30.0,False,OK,"861751057,861706211,861705480,861751141,861751165,861706500,861706193",3062.01,
233047097,12.9417,90.0,0.0,0.0,,,0.0,0.0,,,1.0,False,OK,,1875.01,
194721330,12.103,9358.0,0.0,0.0,,,57.0,0.0,25.611460621568344,,109.0,False,OK,"1560784053,1560783889,1560784218,1560783732,194728025,1560782997,1560782980,1560787653,1560784760,194728199,1560789574,1560785820,1560783264,1560783205,1560787446,1560782625,1560784371,1560787424,1560783219,1560785952,194721538,1560782362,1560787044,194721071,194728156,1560787421,1560782324,1560782203,1560786601,1560782683,1560784845,1560790053,1560784604,1560788946,1560781901,1560782524,1560782377,1560788913,1560790081,1560770648,1560781997,194727600,1560785312,1560789232,1560785149,1560785147,1560789075,1560785062,1560768787,1560788364,1560768748,1560785017,1560786592,1560770730,1560768600,1560770882,1560348245",7846.01,
248058363,,,,,,,,,,,,,,,3550.01,"('Connection aborted.', RemoteDisconnected('Remote end closed connection without response'))"
119290630,13.1901,143.0,0.0,0.0,,,0.0,0.0,,,1.0,False,OK,,2724.01,
357634632,12.9119,1109.0,0.0,0.0,,,3.0,0.0,112.06150238869428,,16.0,False,OK,"807563716,357634616,807563736",3009.01,
251186192,12.0398,419.0,0.0,0.0,,,1.0,0.0,206.80412503722405,,3.0,False,OK,711517683,7566.01,
186989177,12.9385,106.0,0.0,0.0,,,0.0,0.0,,,3.0,False,OK,,6304.01,
239159011,12.7613,98.0,0.0,0.0,,,0.0,0.0,,,3.0,False,OK,,6389.01,
95415033,11.798,595.0,0.0,0.0,,,2.0,0.0,65.20657375840663,,10.0,False,OK,"747369854,747367242",7569.01,
282091492,12.2231,302.0,0.0,0.0,,,0.0,0.0,,,4.0,False,OK,,3027.01,
162093661,13.4955,369.0,0.0,0.0,,,0.0,0.0,,,1.0,False,OK,,7723.01,
334811204,10.3499,744.0,0.0,0.0,,,6.0,0.0,83.0971255982349,,11.0,False,OK,"2021732547,2021732845,2021730802,2021731085,2021745460,334811367",2063.01,
122706449,13.8836,625.0,0.0,0.0,,,4.0,0.0,52.91447134600461,,10.0,False,OK,"1882239249,1882239169,1882239311,1882239434",7398.01,
312543349,10.6594,655.0,0.0,0.0,,,2.0,0.0,146.64054465392766,,10.0,False,OK,"604695262,604696003",6888.01,
461491274,13.1216,466.0,0.0,0.0,,,3.0,0.0,115.58623645408932,,6.0,False,OK,"608234447,608234255,608234443",4016.01,
458331312,11.2673,2192.0,0.0,0.0,,,13.0,0.0,40.7527275055399,,28.0,False,OK,"861159012,861160209,861158891,861160150,861158946,861158310,861160257,861158478,861160561,861161876,861160562,861158133,861160364",4882.01,
372757221,9.9002,59.0,0.0,0.0,,,1.0,0.0,183.53494437129538,,1.0,False,OK,900779134,1187.01,
17129975,,,,,,,,,,,,,,,6969.02,"('Connection aborted.', RemoteDisconnected('Remote end closed connection without response'))"
439444938,10.2017,231.0,0.0,0.0,,,2.0,1.0,0.0,0.0,2.0,True,CHECK,"1991448397,1991448351",2232.01,
175604949,12.2224,683.0,0.0,0.0,,,1.0,0.0,193.46816446625206,,4.0,False,OK,770208499,2847.01,
446463666,12.9582,1138.0,0.0,0.0,,,6.0,0.0,106.72839076266105,,18.0,False,OK,"864210860,864165732,220631171,864210926,864166334,864210887",4883.01,
308208458,13.5263,37.0,0.0,0.0,,,0.0,0.0,,,2.0,False,OK,,345.01,
274151135,10.2809,159.0,0.0,0.0,,,0.0,0.0,,,3.0,False,OK,,1105.01,
101133275,13.3773,135.0,0.0,0.0,,,2.0,0.0,162.2957882071536,,1.0,False,OK,"101133302,101133293",6332.01,
186614891,12.5822,186.0,1.0,0.0,114.17134487727789,,0.0,0.0,,,2.0,False,OK,186600147,3642.01,
273695332,12.0599,115.0,1.0,0.0,143.35483572305606,,2.0,0.0,161.6127960750394,,4.0,False,OK,"261646727,273695341,261646734",2223.01,
451538240,13.0197,185.0,1.0,0.0,113.4468526905293,,5.0,0.0,53.065573458402454,,8.0,False,OK,"1508610770,1508610766,451533929,451536033,1508609682,451538226",3297.01,
272782321,12.4983,50.0,0.0,0.0,,,0.0,0.0,,,2.0,False,OK,,4096.01,
251855940,,,,,,,,,,,,,,,370.01,"('Connection aborted.', ConnectionResetError(54, 'Connection reset by peer'))"
1104064500,12.4781,318.0,0.0,0.0,,,0.0,0.0,,,6.0,False,OK,,7823.01,
37240067,13.4848,542.0,0.0,0.0,,,1.0,0.0,71.5171365412886,,7.0,False,OK,711211143,2730.01,
234187289,12.4359,627.0,0.0,0.0,,,4.0,0.0,38.89928201377307,,11.0,False,OK,"758499662,758562471,758562375,234187192",7548.01,
98833877,11.1947,121.0,0.0,0.0,,,1.0,0.0,108.33813981057402,,4.0,False,OK,742255457,5577.01,
420383981,12.2118,876.0,0.0,0.0,,,1.0,0.0,160.6275842076811,,5.0,False,OK,2047032877,7119.01,
422486295,12.189,37.0,0.0,0.0,,,1.0,1.0,0.0,0.0,2.0,True,CHECK,2052912903,5294.01,
119556803,12.8765,569.0,0.0,0.0,,,1.0,1.0,0.0,0.0,5.0,True,CHECK,755753854,4756.01,
372448111,12.9615,1190.0,1.0,0.0,119.79538677638763,,2.0,0.0,123.66882850566951,,20.0,False,OK,"372448143,845845485,845842609",3182.01,
229172128,9.809,357.0,0.0,0.0,,,1.0,0.0,173.404915204046,,3.0,False,OK,713982828,7466.01,
71125919,12.5022,180.0,0.0,0.0,,,0.0,0.0,,,0.0,False,OK,,7744.01,
185620819,12.5694,829.0,0.0,0.0,,,1.0,0.0,192.86833028532772,,13.0,False,OK,828371893,7598.01,
449491381,12.8527,753.0,0.0,0.0,,,3.0,0.0,89.98657245998017,,11.0,False,OK,"905711634,905711597,905711666",3026.01,
250803548,13.3901,428.0,0.0,0.0,,,2.0,0.0,129.41017896735946,,7.0,False,OK,"624255878,624257702",3687.01,
194203348,,,,,,,,,,,,,,,1546.01,"('Connection aborted.', RemoteDisconnected('Remote end closed connection without response'))"
154351773,13.1349,319.0,0.0,0.0,,,2.0,0.0,132.1860359886345,,4.0,False,OK,"2041842561,154303226",6205.01,
