ID,ra,dec,pmRA,pmDEC,Tmag,disposition,duplicate_id,GAIA,objType,dstArcSec,bad_disposition,gaia_dr3_match,gaia_sep_arcsec,gaia_dr3_id,gaia_G,gaia_ruwe,gaia_dup_flag,verdict,is_target,notes
68035559,219.734382565282,37.0267188010631,-31.096,4.94808,10.8945,,,1486405790789078016,STAR,0.0,False,True,0.0,1.486405790789078e+18,11.356661,1.062,0.0,OK,True,
68035558,219.734394,37.027878,,,11.483,ARTIFACT,,,STAR,4.1732455757382585,True,False,,,,,,LIKELY_SPURIOUS,False,"TIC disposition ARTIFACT; no DR3 source within 2.0"""
1000906643,219.737859368378,37.0244336850293,-0.453931,3.67292,20.5298,,,1486405786493889024,STAR,12.943300093667984,False,True,0.003,1.486405786493889e+18,20.83497,1.047,0.0,OK,False,
1000906644,219.735846696856,37.034361603831,-27.5138,12.1816,18.6932,,,1486405790789078400,STAR,27.833987453039835,False,True,0.001,1.4864057907890785e+18,19.548563,0.987,0.0,OK,False,
68035555,219.725744669412,37.0403896293623,-28.5826,-27.6842,18.395,,,1486405992651980288,STAR,55.12107372702927,False,True,0.0,1.4864059926519803e+18,19.442667,0.989,0.0,OK,False,
68035556,219.752934110713,37.038128975979,-11.7457,-7.70049,16.4665,,,1486405825148815872,STAR,67.30328919264959,False,True,0.0,1.486405825148816e+18,17.01001,1.069,0.0,OK,False,
68035553,219.74998342334,37.0493968825018,1.88474,-7.38178,15.0493,,,1486405825148816640,STAR,93.14032598981488,False,True,0.0,1.4864058251488166e+18,15.567626,0.986,0.0,OK,False,
1000906645,219.705068894167,37.0135672916528,-2.44329,-2.9288,20.7952,,,1486405855213343872,STAR,96.64802055673519,False,True,0.002,1.4864058552133437e+18,20.908484,1.001,0.0,OK,False,
68035561,219.728895425075,36.9962877277125,-3.79679,-0.965122,14.3959,,,1486405584630585344,STAR,110.68160680753888,False,True,0.0,1.4864055846305853e+18,14.732528,1.139,0.0,OK,False,
68035551,219.738372968648,37.0574285453098,-16.942,-2.69038,18.2674,,,1486406027011723520,STAR,111.14811772613575,False,True,0.0,1.4864060270117235e+18,19.23076,1.037,0.0,OK,False,
1000906621,219.711730785751,36.9973665965469,6.24577,-1.75827,19.8168,,,1486404171585835904,STAR,124.11988538827839,False,True,0.0,1.486404171585836e+18,20.58798,1.011,0.0,OK,False,
68035552,219.697979932397,37.0500596992537,-15.9201,4.0847,9.6005,,,1486406718502046080,STAR,134.1767056183004,False,True,0.0,1.486406718502549e+18,10.251562,1.191,0.0,OK,False,
1000906622,219.701394089221,36.9933844746943,,,20.6784,,,1486404175880898560,STAR,152.95099994283328,False,True,0.004,1.4864041758808986e+18,21.054964,,0.0,OK,False,
68035562,219.776815878465,36.9955276197546,-5.13587,-1.45692,17.3122,,,1486402698412570496,STAR,165.7955790898208,False,True,0.0,1.4864026984125706e+18,17.957203,0.989,0.0,OK,False,
1000906623,219.696426572319,36.9913785095709,-2.19969,-0.238219,19.6443,,,1486404175881406336,STAR,167.60679847299514,False,True,0.0,1.4864041758814065e+18,19.920534,1.026,0.0,OK,False,
1000906651,219.709160823784,37.0699466940509,0.858375,1.51841,20.1101,,,1486406817285712384,STAR,171.66656891866992,False,True,0.001,1.4864068172857124e+18,20.767962,1.004,0.0,OK,False,
68035560,219.674852150961,37.0153210410805,-37.4407,-7.85809,15.5806,,,1486404450759220224,STAR,175.95883655510482,False,True,0.0,1.4864044507592202e+18,16.50531,0.953,0.0,OK,False,
1000906648,219.739722942923,37.0765908649665,-0.950725,-1.1611,18.2934,,,1486406473688331392,STAR,180.19387754026428,False,True,0.0,1.4864064736883313e+18,18.7951,0.979,0.0,OK,False,
1000906650,219.680125131536,37.0565328188167,-0.73398,-8.03026,17.9405,,,1486406787221523328,STAR,189.28175151980804,False,True,0.0,1.4864067872215235e+18,18.60382,1.013,0.0,OK,False,
1000906639,219.668608980247,37.0380390555926,-30.0295,-11.5823,19.3857,,,1486405271099911936,STAR,193.36746029227155,False,True,0.0,1.486405271099912e+18,20.143707,1.048,0.0,OK,False,
1000906619,219.690577371588,36.9855356841317,-2.40449,-2.10231,17.9185,,,1486404137226095744,STAR,194.52525165843588,False,True,0.0,1.4864041372260956e+18,18.440771,0.98,0.0,OK,False,
1000906620,219.700657506406,36.9797192401543,-11.801,-16.8994,18.9303,,,1486404141521574144,STAR,195.01034626431976,False,True,0.0,1.4864041415215741e+18,19.646263,1.001,0.0,OK,False,
68035557,219.667010696319,37.0332000195401,3.44289,2.18074,17.566,,,1486405202377995264,STAR,195.0244408634497,False,True,0.0,1.4864052023779953e+18,18.494192,0.965,0.0,OK,False,
1000906640,219.667765133276,37.0373854503351,3.31956,-10.9111,18.664,,,1486405275392948608,STAR,195.26323766058817,False,True,0.0,1.4864052753929487e+18,19.428043,0.971,0.0,OK,False,
68035564,219.760427757714,36.9759775540244,2.28019,-6.50443,15.7353,,,1486402595333346688,STAR,197.42067618656503,False,True,0.0,1.4864025953333468e+18,16.214523,1.037,0.0,OK,False,
1000906604,219.771535243507,36.9798371365377,-6.72871,-3.49389,20.847,,,1486402384879436928,STAR,199.73380242810006,False,True,0.002,1.4864023848794368e+18,20.811193,1.106,0.0,OK,False,
1000906590,219.733095753003,36.9696845194705,-2.54286,-27.4376,19.912,,,1486401147928853888,STAR,205.35674481075134,False,True,0.0,1.486401147928854e+18,20.54847,1.04,0.0,OK,False,
1000906609,219.802844518934,37.0467301245971,-17.8041,-11.4922,20.3216,,,1486403316888059648,STAR,209.51398660847187,False,True,0.002,1.4864033168880596e+18,20.626513,1.086,0.0,OK,False,
